{
  "seed": "rainmaker-machine-beta",
  "pivotHue": 13.390973266214132,
  "hueSpread": 103.64274295885116,
  "contrast": 0.3548258424922824,
  "energy": 0.3729996916372329,
  "softness": 0.9908606130629778,
  "warmth": 0.7159990663640201,
  "polarity": -0.9143744092434645,
  "noise": 0.9282000553794205
}
