{
  "seed": "rainmaker-machine-alpha",
  "pivotHue": 35.5581661965698,
  "hueSpread": 164.09386677481234,
  "contrast": 0.7260114625608548,
  "energy": 0.19263453548774123,
  "softness": 0.2582985204644501,
  "warmth": -0.1232554642483592,
  "polarity": 0.4475357225164771,
  "noise": 0.7157900063320994
}
