{
  "seed": "rainmaker-machine-gamma",
  "pivotHue": 19.134943233802915,
  "hueSpread": 36.360696606803685,
  "contrast": 0.42590953678358345,
  "energy": 0.010558074805885553,
  "softness": 0.24050958850421011,
  "warmth": -0.20705770049244165,
  "polarity": -0.5598261337727308,
  "noise": 0.4146067730616778
}
